{"1st Phase JP Nagar": 123.74700988301734, "5th Phase JP Nagar": 67.75289767379319, "6th Phase JP Nagar": 98.49631985602134, "7th Phase JP Nagar": 93.32975889362538, "8th Phase JP Nagar": 54.10357193760925, "9th Phase JP Nagar": 60.17327991492171, "AECS Layout": 64.2043465106898, "Abbigere": 51.49481054188517, "Akshaya Nagar": 77.07922661467438, "Akshayanagara East": 74.89690645869752, "Ambalipura": 84.20013488301734, "Ambedkar Nagar": 109.06600718764898, "Amruthahalli": 67.65325988301734, "Anandapura": 59.51013488301735, "Ananth Nagar": 37.51487644035989, "Anekal": 36.03277531262606, "Anjanapura": 58.16135090314195, "Ardendale": 96.65325988301734, "Arekere": 64.89521581282776, "Attibele": 32.97082067141769, "B Narayanapura": 65.54474164802524, "BEML Layout": 76.04110528438888, "BTM 2nd Stage": 101.47260790641387, "BTM Layout": 75.49468423647528, "Babusapalaya": 57.64012694872221, "Badavala Nagar": 93.95928710257068, "Balagere": 62.83911238184535, "Banagiri Nagar": 90.3665197660347, "Banashankari": 76.86297946654335, "Banashankari Stage III": 77.31383255711614, "Banashankari Stage V": 62.13351317735646, "Banaswadi": 70.49565073893433, "Bannerghatta Road": 72.78465598298435, "Basavangudi": 115.60372558059125, "Battarahalli": 72.08888488301736, "Begur": 69.3793465106898, "Begur Road": 50.94476651142323, "Bellandur": 73.26687887846956, "Bharathi Nagar": 70.7283780116616, "Bhoganhalli": 99.62263308937936, "Binny Pete": 86.10684651068978, "Bisuvanahalli": 44.76663800312872, "Bommanahalli": 60.41939677909828, "Bommasandra": 49.02383992201157, "Bommasandra Industrial Area": 49.01586843773411, "Brookefield": 77.34840527094258, "Budigere": 70.43267043162564, "CV Raman Nagar": 67.95444165775119, "Chamrajpet": 81.03621581282775, "Chandapura": 30.69932425229067, "Channasandra": 50.13444244150867, "Chennammana Kere": 68.90851317735645, "Chikkalasandra": 57.17546762031837, "Choodasandra": 64.52800658867824, "Cox Town": 91.27246201425307, "Cunningham Road": 357.34521581282775, "Dasanapura": 61.40579534758639, "Dasarahalli": 70.38357312536418, "Devanahalli": 62.06214355128534, "Devarachikkanahalli": 66.2301438752185, "Dodda Nekkundi": 69.42758992201156, "Doddakallasandra": 61.01246201425306, "Doddathoguru": 52.839587269909345, "Domlur": 124.06600718764898, "Dommasandra": 52.57201437529796, "EPIP Zone": 116.40511989601542, "Electronic City": 53.700629681073586, "Electronic City Phase II": 43.91720186033268, "Electronics City Phase 1": 59.47396710943353, "Frazer Town": 181.71575988301734, "Garudachar Palya": 63.97872558059125, "Gollarapalya Hosahalli": 60.54110528438887, "Gottigere": 58.68652122994443, "Green Glen Layout": 123.31050658867821, "Gubbalala": 80.64521581282776, "Gunjur": 59.50443986630554, "HBR Layout": 82.74658272344838, "HRBR Layout": 78.72292346620705, "HSR Layout": 64.43295152969151, "Haralur Road": 71.58390887155814, "Harlur": 94.20211619109959, "Hebbal": 113.56310063877228, "Hebbal Kempapura": 126.31383255711613, "Hegde Nagar": 108.68341326401027, "Hennur": 60.40773556410433, "Hennur Road": 87.18862535621804, "Hoodi": 80.68106166080793, "Horamavu Agara": 53.7412368510876, "Horamavu Banaswadi": 57.442607906413876, "Hormavu": 60.01644553786692, "Hosa Road": 70.96248821131991, "Hosakerehalli": 186.45567545157098, "Hoskote": 53.074763177356466, "Hosur Road": 82.08610790641387, "Hulimavu": 70.78422661467438, "Iblur Village": 164.58067545157098, "Indira Nagar": 162.74782536946717, "JP Nagar": 80.61380994800771, "Jakkur": 95.46860942442835, "Jalahalli": 92.78815992801069, "Jigani": 58.998592886125806, "KR Puram": 51.557173577197396, "KUDLU MAIN ROAD": 66.44521581282775, "Kadubeesanahalli": 76.26555062525212, "Kadugodi": 83.34357209253382, "Kaggadasapura": 57.22954251610968, "Kaggalipura": 59.26347720855184, "Kalena Agrahara": 69.83873446037624, "Kalyan nagar": 71.05023979203084, "Kambipura": 52.2085346383304, "Kammasandra": 44.27610790641388, "Kanakapura": 63.77055264219443, "Kanakpura Road": 62.07913880517919, "Kannamangala": 74.1493465106898, "Kasavanhalli": 85.16100376495898, "Kasturi Nagar": 74.72292346620705, "Kathriguppe": 77.70379779622513, "Kaval Byrasandra": 59.9965827234484, "Kenchenahalli": 67.74521581282775, "Kengeri": 45.81287584944301, "Kengeri Satellite Town": 50.220659928010676, "Kereguddadahalli": 54.545215812827756, "Kodichikkanahalli": 60.10274516464618, "Kodihalli": 180.8280175698086, "Kogilu": 61.10801129487697, "Koramangala": 148.4181310240059, "Kothannur": 57.92684651068979, "Kothanur": 72.10310526792404, "Kudlu": 54.95383992201156, "Kudlu Gate": 75.41162146647221, "Kundalahalli": 100.53370176146295, "LB Shastri Nagar": 69.4315197660347, "Lakshminarayana Pura": 77.21200752991797, "Lingadheeranahalli": 105.73189165460457, "Magadi Road": 60.80100930166338, "Mahadevpura": 65.68295991087037, "Mallasandra": 76.45708908679059, "Malleshpalya": 61.11325988301735, "Malleshwaram": 222.80179855614753, "Marathahalli": 83.45751998266924, "Margondanahalli": 64.16950988301735, "Munnekollal": 64.46138488301736, "Murugeshpalya": 75.72708908679058, "Mysore Road": 64.4070413617242, "NGR Layout": 58.06016600986751, "Nagarbhavi": 76.93283303890611, "Nagavarapalya": 71.99468423647528, "OMBR Layout": 72.35928710257069, "Old Airport Road": 139.97391229182273, "Old Madras Road": 70.91200608185683, "Padmanabhanagar": 74.27011358569882, "Pai Layout": 59.76189165460456, "Panathur": 75.39925658867823, "Parappana Agrahara": 55.2030681251928, "Poorna Pragna Layout": 59.12345322934875, "Prithvi Layout": 74.9315197660347, "R.T. Nagar": 86.1935720925338, "Rachenahalli": 62.40589328134105, "Raja Rajeshwari Nagar": 54.58530209860388, "Rajaji Nagar": 271.51076566972085, "Rajiv Nagar": 109.53767984402312, "Ramagondanahalli": 78.96569636226353, "Ramamurthy Nagar": 60.15249076022371, "Rayasandra": 69.63517984402313, "Sahakara Nagar": 71.76304289363992, "Sanjay nagar": 89.89631985602136, "Sarjapur": 54.10386584565249, "Sarjapur  Road": 92.32925895834873, "Sarjapura - Attibele Road": 58.967858317559816, "Sector 2 HSR Layout": 82.64521581282776, "Sector 7 HSR Layout": 111.84655982984341, "Seegehalli": 62.006143875218505, "Singasandra": 65.85845322934875, "Somasundara Palya": 71.29681054188516, "Sonnenahalli": 67.6368465106898, "Subramanyapura": 64.62873446037625, "TC Palaya": 68.87367105911882, "Talaghattapura": 104.92827991492172, "Thanisandra": 80.95085226428313, "Thigalarapalya": 129.9530957008569, "Thubarahalli": 77.06681054188518, "Tumkur Road": 83.03011358569881, "Ulsoor": 113.70434651068979, "Uttarahalli": 52.14858765509984, "Varthur": 59.68006166080792, "Vasanthapura": 56.950215812827764, "Vidyaranyapura": 61.7358170537275, "Vijayanagar": 84.33469838954913, "Vittasandra": 71.42697841354557, "Volagerekallahalli": 58.17690645869751, "Whitefield": 86.7168918790041, "Yelachenahalli": 74.9315197660347, "Yelahanka": 65.87639791489894, "Yelahanka New Town": 50.141148504581345, "Yelenahalli": 60.06015415201983, "Yeshwanthpur": 84.09723084435575}